id,title,disposition,hold_reason,file_count,audit_kind,url,folder_path
bts-shealed-previews-lrdata-behind-the-scenes,Shealed Previews.lrdata — Behind the Scenes,reject,machine artifact: Shealed BTS Previews.lrdata,2118,behind the scenes,https://drive.google.com/drive/folders/1fRV4iAWS6qeIiX4X6eXrFjzSFoJTGqO4,2. sHEALed MASTER / 1. sHEALed BTS Adam Chani Master / sHEALed BTS RAW Footage / Day 01 / Post Files / Sam / Lightroom / Shealed BTS 1 / Shealed BTS Previews.lrdata
b-roll-thumbnail-media-b-roll-december-2024,"Thumbnail Media — B-Roll, December 2024",reject,machine artifact: Carrie Drinkwine.fcpbundle,106,other,https://drive.google.com/drive/folders/1B6kiLuFSVrRVb4cqvTZ67aBA1x5qsJRU,2. sHEALed MASTER / 1. sHEALed BTS Adam Chani Master / sHEALed BTS RAW Footage / Day 03 / 06 Carrie Drinkwine Broll / Files / Carrie Drinkwine.fcpbundle / 12-22-24 / Render Files / Thumbnail Media
b-roll-a4m-red-carpet-m4root-premiere-december-2024,"A4M Red Carpet — M4ROOT — Premiere, December 2024",reject,machine artifact: PRIVATE,393,other,https://drive.google.com/drive/folders/1PibHhZeunm1YK--M3F5-hGFBgkYkShk8,1. 12/15/2024 - A4M Biohack Yourself Red Carpet Master / Biohack Yourself Premiere / B Roll / Video / FL1001 / PRIVATE / M4ROOT
b-roll-sunscreen-film-festival-a-cam-1-lolli-family-qna-b-ro,"SunScreen Film Festival — A_Cam_1_Lolli_Family_QNA — B-Roll, April 2024",merge,wrong granularity: A_Cam_1_Lolli_Family_QNA,18,other,https://drive.google.com/drive/folders/18x4vlmYe_c09gZJWDyGbhx1bLMWf_C0j,0. 4/24/2024 - SunScreen Film Festival The Guru Premier / The Guru Festival RAW Footage / Day 2 / A_Cam_1 / A_Cam_1_Lolli_Family_QNA
event-photography-sunscreen-film-festival-a-cam-1-lolli-fami,"SunScreen Film Festival — A_Cam_1_Lolli_Family_Screening — Premiere, April 2024",merge,wrong granularity: A_Cam_1_Lolli_Family_Screening,22,photography,https://drive.google.com/drive/folders/1Et3FxqycEiSVeE7DFlQqypuIfLl2qZnX,0. 4/24/2024 - SunScreen Film Festival The Guru Premier / The Guru Festival RAW Footage / Day 2 / A_Cam_1 / A_Cam_1_Lolli_Family_Screening
event-photography-sunscreen-film-festival-a-cam-1-lolly-fami,"SunScreen Film Festival — A_Cam_1_Lolly_Family_BioHack — Event Photography, April 2024",merge,wrong granularity: A_Cam_1_Lolly_Family_BioHack,79,photography,https://drive.google.com/drive/folders/1f23BAnPI1zlZtri2KULYF1ajFS9ZlyO7,0. 4/24/2024 - SunScreen Film Festival The Guru Premier / The Guru Festival RAW Footage / Day 2 / A_Cam_1 / A_Cam_1_Lolly_Family_BioHack
b-roll-sunscreen-film-festival-a-cam-2-george-farah-qna-b-ro,"SunScreen Film Festival — A_Cam_2_George_Farah_QNA — B-Roll, April 2024",merge,wrong granularity: A_Cam_2_George_Farah_QNA,19,other,https://drive.google.com/drive/folders/1iWw_alXY-m25RuVEUCxAE0N70N1pMyES,0. 4/24/2024 - SunScreen Film Festival The Guru Premier / The Guru Festival RAW Footage / Day 2 / A_Cam_2 / A_Cam_2_George_Farah_QNA
b-roll-sunscreen-film-festival-b-cam-3-bts-qna-b-roll-april-,"SunScreen Film Festival — B_Cam_3_BTS_QNA — B-Roll, April 2024",merge,wrong granularity: B_Cam_3_BTS_QNA,48,other,https://drive.google.com/drive/folders/1Jfd9k1fKMZWgeY0PxMn_PNXbEvuqYAQj,0. 4/24/2024 - SunScreen Film Festival The Guru Premier / The Guru Festival RAW Footage / Day 2 / B_Cam_3 / B_Cam_3_BTS_QNA
b-roll-sunscreen-film-festival-a-cam-1-lolli-family-getting-,"SunScreen Film Festival — A_Cam_1_Lolli_Family_Getting_Ready — B-Roll, April 2024",merge,wrong granularity: A_Cam_1_Lolli_Family_Getting_Ready,51,other,https://drive.google.com/drive/folders/1BxA5sicNy2JpFFVZyv7Hya48e1UcQdT1,0. 4/24/2024 - SunScreen Film Festival The Guru Premier / The Guru Festival RAW Footage / Day 1 / A_Cam_1 / A_Cam_1_Lolli_Family_Getting_Ready
event-photography-sunscreen-film-festival-a-cam-1-lolli-fami-1bwhg-,"SunScreen Film Festival — A_Cam_1_Lolli_Family_Opening — Event Photography, April 2024",merge,wrong granularity: A_Cam_1_Lolli_Family_Opening,112,photography,https://drive.google.com/drive/folders/1BwhG-r0FJyryr3eR6Mvvw8H5VabRCg4Z,0. 4/24/2024 - SunScreen Film Festival The Guru Premier / The Guru Festival RAW Footage / Day 1 / A_Cam_1 / A_Cam_1_Lolli_Family_Opening
b-roll-sunscreen-film-festival-a-cam-1-lolli-signing-contrac,"SunScreen Film Festival — A_Cam_1_Lolli_Signing_Contracts — Book signing, April 2024",merge,wrong granularity: A_Cam_1_Lolli_Signing_Contracts,53,book signing,https://drive.google.com/drive/folders/1lmBTP2bdabYpRZVWs1vVNYR3DicbFrR8,0. 4/24/2024 - SunScreen Film Festival The Guru Premier / The Guru Festival RAW Footage / Day 1 / A_Cam_1 / A_Cam_1_Lolli_Signing_Contracts
event-photography-sunscreen-film-festival-a-cam-1-opening-ni,"SunScreen Film Festival — A_Cam_1_Opening_Night_Party — Event Photography, April 2024",merge,wrong granularity: A_Cam_1_Opening_Night_Party,133,photography,https://drive.google.com/drive/folders/17aBJuH52B5ci8Gvp1MoBrsY9qlxdZIUz,0. 4/24/2024 - SunScreen Film Festival The Guru Premier / The Guru Festival RAW Footage / Day 1 / A_Cam_1 / A_Cam_1_Opening_Night_Party
b-roll-archive-b-roll,archive — B-Roll,merge,wrong granularity: archive,37,b-roll / video,https://drive.google.com/drive/folders/1nqhafV4vv7nQxl5kynQXFCdVjfenSCZ2,2. sHEALed MASTER / 2. sHEALed Main Deliverables Chris Jackson / 3. sHEALed Shorts/Reels / 41. Jay Campbell / archive
b-roll-archive-dr-rajka-b-roll,ARCHIVE - Dr. Rajka — B-Roll,merge,wrong granularity: ARCHIVE - Dr. Rajka,12,b-roll / video,https://drive.google.com/drive/folders/13vq6VT6PPttPCORN9aho-0oqu1ZWAqXo,2. sHEALed MASTER / 2. sHEALed Main Deliverables Chris Jackson / 3. sHEALed Shorts/Reels / 4. Dr. Rajka / ARCHIVE - Dr. Rajka
b-roll-archive-del-bigtree-b-roll,ARCHIVE - Del Bigtree — B-Roll,merge,wrong granularity: ARCHIVE - Del Bigtree,12,b-roll / video,https://drive.google.com/drive/folders/1zC4KZLVQsaKFj8NEkmfjjpSwCGNqRUIO,2. sHEALed MASTER / 2. sHEALed Main Deliverables Chris Jackson / 3. sHEALed Shorts/Reels / 5. Del Bigtree / ARCHIVE - Del Bigtree
b-roll-archive-dr-bales-b-roll,ARCHIVE - Dr. Bales — B-Roll,merge,wrong granularity: ARCHIVE - Dr. Bales,20,b-roll / video,https://drive.google.com/drive/folders/1e3eiTtkRy5FZjrzVo74E8JAGAGbueunz,2. sHEALed MASTER / 2. sHEALed Main Deliverables Chris Jackson / 3. sHEALed Shorts/Reels / 6. Dr. Martin Bales / ARCHIVE - Dr. Bales
b-roll-dr-martin-bales-fcpbundle-b-roll,Dr. Martin Bales.fcpbundle — B-Roll,reject,machine artifact: Dr. Martin Bales.fcpbundle,15,other,https://drive.google.com/drive/folders/1aRiDhUpsmWvEYJD3VCZiwYb_RQqIRYl9,2. sHEALed MASTER / 1. sHEALed BTS Adam Chani Master / sHEALed BTS RAW Footage / Day 02 / 01 Dr. Martin Bales / Files / Dr. Martin Bales.fcpbundle
b-roll-maryn-azoff-2-fcpbundle-b-roll,Maryn Azoff 2.fcpbundle — B-Roll,reject,machine artifact: Maryn Azoff 2.fcpbundle,31,other,https://drive.google.com/drive/folders/1aLsp9qT8eNFB11xLmEMFh45AscuxwGSf,2. sHEALed MASTER / 1. sHEALed BTS Adam Chani Master / sHEALed BTS RAW Footage / Day 02 / 02 Maryn Azoff / Files / Maryn Azoff 2.fcpbundle
b-roll-justin-hai-2-fcpbundle-b-roll,Justin Hai 2.fcpbundle — B-Roll,reject,machine artifact: Justin Hai 2.fcpbundle,27,other,https://drive.google.com/drive/folders/14iXAKZaGsUr1EGAzrqMu-ZxmYfic02Jx,2. sHEALed MASTER / 1. sHEALed BTS Adam Chani Master / sHEALed BTS RAW Footage / Day 02 / 03 Justin Hai / File / Justin Hai 2.fcpbundle
b-roll-ryan-2-fcpbundle-b-roll,Ryan 2.fcpbundle — B-Roll,reject,machine artifact: Ryan 2.fcpbundle,26,other,https://drive.google.com/drive/folders/1BAePdpv1UeW2FMh_oufXy3VShgPWrqUa,2. sHEALed MASTER / 1. sHEALed BTS Adam Chani Master / sHEALed BTS RAW Footage / Day 02 / 04 Ryan Encinas & Dr. Steven Moore / File / Ryan 2.fcpbundle
b-roll-dr-labib-ghulmiyyah-2-fcpbundle-b-roll,Dr. Labib Ghulmiyyah 2.fcpbundle — B-Roll,reject,machine artifact: Dr. Labib Ghulmiyyah 2.fcpbundle,29,other,https://drive.google.com/drive/folders/1xS85J_ulYzcI290qrIiSI2WNutAAf8UK,2. sHEALed MASTER / 1. sHEALed BTS Adam Chani Master / sHEALed BTS RAW Footage / Day 03 / 02 Dr. Labib Ghulmiyyah / Files / Dr. Labib Ghulmiyyah 2.fcpbundle
b-roll-kim-vopni-fcpbundle-b-roll,Kim Vopni.fcpbundle — B-Roll,reject,machine artifact: Kim Vopni.fcpbundle,26,other,https://drive.google.com/drive/folders/1K3Azb0TU6_zkVZFWB_v0siBkC7A8LcDo,2. sHEALed MASTER / 1. sHEALed BTS Adam Chani Master / sHEALed BTS RAW Footage / Day 03 / 01 Kim Vopni / Files / Kim Vopni.fcpbundle
b-roll-dr-deb-matthew-2-fcpbundle-b-roll,Dr. Deb Matthew 2.fcpbundle — B-Roll,reject,machine artifact: Dr. Deb Matthew 2.fcpbundle,28,other,https://drive.google.com/drive/folders/15jroAKAT8F9SZkMeWoxejWONE5veT-x-,2. sHEALed MASTER / 1. sHEALed BTS Adam Chani Master / sHEALed BTS RAW Footage / Day 03 / 03 Dr. Deb Matthew / Files / Dr. Deb Matthew 2.fcpbundle
b-roll-nayan-payel-fcpbundle-b-roll,Nayan Payel.fcpbundle — B-Roll,reject,machine artifact: Nayan Payel.fcpbundle,28,other,https://drive.google.com/drive/folders/176BSPgV9F5TDGE8K1OBb5HGKYRUOs4_s,2. sHEALed MASTER / 1. sHEALed BTS Adam Chani Master / sHEALed BTS RAW Footage / Day 03 / 04 Nayan Payel / Files / Nayan Payel.fcpbundle
b-roll-darren-2-fcpbundle-b-roll,Darren 2.fcpbundle — B-Roll,reject,machine artifact: Darren 2.fcpbundle,27,other,https://drive.google.com/drive/folders/1NcksTBjlngaNBvVDgkh3iPDKHgut5yzS,2. sHEALed MASTER / 1. sHEALed BTS Adam Chani Master / sHEALed BTS RAW Footage / Day 03 / 05 Darren Schwartz / Files / Darren 2.fcpbundle
b-roll-carrie-drinkwine-fcpbundle-b-roll,Carrie Drinkwine.fcpbundle — B-Roll,reject,machine artifact: Carrie Drinkwine.fcpbundle,25,other,https://drive.google.com/drive/folders/1KOIdgxXAFYkKZJt2-b1nKddqg-mD3PzN,2. sHEALed MASTER / 1. sHEALed BTS Adam Chani Master / sHEALed BTS RAW Footage / Day 03 / 06 Carrie Drinkwine Broll / Files / Carrie Drinkwine.fcpbundle
b-roll-lisa-2-fcpbundle-b-roll,Lisa 2.fcpbundle — B-Roll,reject,machine artifact: Lisa 2.fcpbundle,16,other,https://drive.google.com/drive/folders/1yfU4xgnnmU7q1glbUE3tATFvieu3ysDw,2. sHEALed MASTER / 1. sHEALed BTS Adam Chani Master / sHEALed BTS RAW Footage / Day 04 / 01 Dr. Lisa Piper & Wendy Cohn-Osborne / Files / Lisa 2.fcpbundle
b-roll-maribel-2-fcpbundle-b-roll,Maribel 2.fcpbundle — B-Roll,reject,machine artifact: Maribel 2.fcpbundle,16,other,https://drive.google.com/drive/folders/1VGQOotHQHh7NqtLaDIGqR8-r57SUNcgG,2. sHEALed MASTER / 1. sHEALed BTS Adam Chani Master / sHEALed BTS RAW Footage / Day 04 / 02 Dr. Maribelle Verdiales / Files / Maribel 2.fcpbundle
b-roll-ana-maria-fcpbundle-b-roll,Ana Maria.fcpbundle — B-Roll,reject,machine artifact: Ana Maria.fcpbundle,16,other,https://drive.google.com/drive/folders/1ACzNYbyWDakv3mEmC2hDreyO_-Pcsluu,2. sHEALed MASTER / 1. sHEALed BTS Adam Chani Master / sHEALed BTS RAW Footage / Day 04 / 03 Ana Maria Temple / FIles / Ana Maria.fcpbundle
b-roll-dr-amanda-hanson-2-fcpbundle-b-roll,Dr. Amanda Hanson 2.fcpbundle — B-Roll,reject,machine artifact: Dr. Amanda Hanson 2.fcpbundle,16,other,https://drive.google.com/drive/folders/1ogRG7L6owe2AeVVjSKIP7JyBZfCr9jZ4,2. sHEALed MASTER / 1. sHEALed BTS Adam Chani Master / sHEALed BTS RAW Footage / Day 04 / 04 Dr. Amanda Hanson / Files / Dr. Amanda Hanson 2.fcpbundle
b-roll-natalie-jill-fcpbundle-b-roll,Natalie Jill.fcpbundle — B-Roll,reject,machine artifact: Natalie Jill.fcpbundle,17,other,https://drive.google.com/drive/folders/12clWvHfIfurU0KyPiGehv-WIPAEFAIot,2. sHEALed MASTER / 1. sHEALed BTS Adam Chani Master / sHEALed BTS RAW Footage / Day 04 / 05 Natalie Jill / Files / Natalie Jill.fcpbundle
audio-hack-your-health-dji-audio-001-november-2025,"Hack Your Health — DJI_Audio_001, November 2025",reject,machine artifact: A001,52,audio,https://drive.google.com/drive/folders/1CZzPdSeL3zVFAU1pU-iFM67NJTXzCHWo,20. 11/13-15/2025 - Hack Your Health / HYH RAW Footage / Day_01 / Day_01_RawFootage / A001 / DJI_Audio_001
event-photography-a4m-red-carpet-thmbnl-premiere-december-20,"A4M Red Carpet — THMBNL — Premiere, December 2024",reject,machine artifact: PRIVATE,196,photography,https://drive.google.com/drive/folders/1Aus58E4VMH6G55J8dr9SoqkLQwAXa2aQ,1. 12/15/2024 - A4M Biohack Yourself Red Carpet Master / Biohack Yourself Premiere / B Roll / Video / FL1001 / PRIVATE / M4ROOT / THMBNL
b-roll-sunscreen-film-festival-100gopro-b-roll-april-2024,"SunScreen Film Festival — 100GOPRO — B-Roll, April 2024",reject,machine artifact: D002,15,b-roll / video,https://drive.google.com/drive/folders/1frceiq8Q_772L0Z2MuqriNNroj9K1is1,0. 4/24/2024 - SunScreen Film Festival The Guru Premier / The Guru Festival RAW Footage / Day 2 / Drone / D002 / DCIM / 100GOPRO
b-roll-valerie-feghali-1-fcpbundle-b-roll,Valerie Feghali 1.fcpbundle — B-Roll,reject,machine artifact: Valerie Feghali 1.fcpbundle,10,other,https://drive.google.com/drive/folders/1Rg7pbPR8lnL5G6ulOdd_LtjznNfeP4eV,2. sHEALed MASTER / 1. sHEALed BTS Adam Chani Master / sHEALed BTS RAW Footage / Day 01 / Post Files / Adam / Valerie Feghali / Valerie Feghali 1.fcpbundle
b-roll-technical-cut-fcpbundle-b-roll,Technical Cut.fcpbundle — B-Roll,reject,machine artifact: Technical Reels Final Cut.fcpbundle,41,other,https://drive.google.com/drive/folders/1EF3WkNrNu56FZhTTi8q3mxdFivK36-5p,2. sHEALed MASTER / 1. sHEALed BTS Adam Chani Master / sHEALed BTS RAW Footage / Day 01 / Post Files / Sam / Technical Reels Sam Edits / Technical Reels Final Cut.fcpbundle
b-roll-sunscreen-film-festival-xdroot-b-roll-april-2024,"SunScreen Film Festival — XDROOT — B-Roll, April 2024",reject,machine artifact: B2002,57,other,https://drive.google.com/drive/folders/1SD4x1tpqw7_K2tJZM7cqkqK_v_2G4BAR,0. 4/24/2024 - SunScreen Film Festival The Guru Premier / The Guru Festival RAW Footage / Day 1 / B_Cam_2 / B_Cam_2_Interviews_VIP_Section / B2002 / XDROOT
bts-shealed-bts-lrcat-data-behind-the-scenes,Shealed BTS.lrcat-data — Behind the Scenes,reject,machine artifact: Shealed BTS.lrcat-data,30,behind the scenes,https://drive.google.com/drive/folders/1FYv6jrmWeNrbhZxVGllO_WnfjmjE2csw,2. sHEALed MASTER / 1. sHEALed BTS Adam Chani Master / sHEALed BTS RAW Footage / Day 01 / Post Files / Sam / Lightroom / Shealed BTS 1 / Shealed BTS.lrcat-data
b-roll-a4m-red-carpet-0477ae01a3265793c8879cedd7cf162f-premi,"A4M Red Carpet — 0477AE01A3265793C8879CEDD7CF162F — Premiere, December 2024",reject,machine artifact: TereZa.fcpbundle,16,other,https://drive.google.com/drive/folders/1B4ONrOFKCwoAwr_l98PLmBze7XkIF6AV,1. 12/15/2024 - A4M Biohack Yourself Red Carpet Master / A4M Biohack Yourself Master Folder / Tereza / TereZa.fcpbundle / 12-24-24 / Render Files / Thumbnail Media / 0477AE01A3265793C8879CEDD7CF162F
b-roll-a4m-red-carpet-3040376e7688f8778fcc9d48691e1960-premi,"A4M Red Carpet — 3040376E7688F8778FCC9D48691E1960 — Premiere, December 2024",reject,machine artifact: TereZa.fcpbundle,11,other,https://drive.google.com/drive/folders/1N6EQr0ksAN4kCtUKHRKFrKvZ8bmf2-QZ,1. 12/15/2024 - A4M Biohack Yourself Red Carpet Master / A4M Biohack Yourself Master Folder / Tereza / TereZa.fcpbundle / 12-24-24 / Render Files / Thumbnail Media / 3040376E7688F8778FCC9D48691E1960
b-roll-a4m-red-carpet-1625bd23b86d7c443d3ba77c2102462b-premi,"A4M Red Carpet — 1625BD23B86D7C443D3BA77C2102462B — Premiere, December 2024",reject,machine artifact: TereZa.fcpbundle,16,other,https://drive.google.com/drive/folders/1donW9ae2EX6Dmg1aj2hJLK89n1NZCyxd,1. 12/15/2024 - A4M Biohack Yourself Red Carpet Master / A4M Biohack Yourself Master Folder / Tereza / TereZa.fcpbundle / 12-24-24 / Render Files / Thumbnail Media / 1625BD23B86D7C443D3BA77C2102462B
b-roll-a4m-red-carpet-4a17d57636de9c1d33bec4b942d675dc-premi,"A4M Red Carpet — 4A17D57636DE9C1D33BEC4B942D675DC — Premiere, December 2024",reject,machine artifact: TereZa.fcpbundle,13,other,https://drive.google.com/drive/folders/1xEPOMLvKIQHaAnZgm3K2WMx-sWCbCQ0Z,1. 12/15/2024 - A4M Biohack Yourself Red Carpet Master / A4M Biohack Yourself Master Folder / Tereza / TereZa.fcpbundle / 12-24-24 / Render Files / Thumbnail Media / 4A17D57636DE9C1D33BEC4B942D675DC
b-roll-a4m-red-carpet-35b0eeb2bfadc418c8d4ae7c45adab0e-premi,"A4M Red Carpet — 35B0EEB2BFADC418C8D4AE7C45ADAB0E — Premiere, December 2024",reject,machine artifact: TereZa.fcpbundle,11,other,https://drive.google.com/drive/folders/1cRu7hoA5MaNPaQoEhj0onV410ZPSVXNr,1. 12/15/2024 - A4M Biohack Yourself Red Carpet Master / A4M Biohack Yourself Master Folder / Tereza / TereZa.fcpbundle / 12-24-24 / Render Files / Thumbnail Media / 35B0EEB2BFADC418C8D4AE7C45ADAB0E
b-roll-a4m-red-carpet-56be681d30e4d928c2adba2646872612-premi,"A4M Red Carpet — 56BE681D30E4D928C2ADBA2646872612 — Premiere, December 2024",reject,machine artifact: TereZa.fcpbundle,40,other,https://drive.google.com/drive/folders/1Hsp8IzJS1pXXMosC84XHzXnnI4gJWSmz,1. 12/15/2024 - A4M Biohack Yourself Red Carpet Master / A4M Biohack Yourself Master Folder / Tereza / TereZa.fcpbundle / 12-24-24 / Render Files / Thumbnail Media / 56BE681D30E4D928C2ADBA2646872612
b-roll-a4m-red-carpet-40f3c54ea9e4461fe58d61ea4356a1ac-premi,"A4M Red Carpet — 40F3C54EA9E4461FE58D61EA4356A1AC — Premiere, December 2024",reject,machine artifact: TereZa.fcpbundle,18,other,https://drive.google.com/drive/folders/1QmYR4mfN2UqSR9wOKrRyVhGVXKGLUy0A,1. 12/15/2024 - A4M Biohack Yourself Red Carpet Master / A4M Biohack Yourself Master Folder / Tereza / TereZa.fcpbundle / 12-24-24 / Render Files / Thumbnail Media / 40F3C54EA9E4461FE58D61EA4356A1AC
b-roll-a4m-red-carpet-75d05e589ce7e63bb7223013d5d71c2a-premi,"A4M Red Carpet — 75D05E589CE7E63BB7223013D5D71C2A — Premiere, December 2024",reject,machine artifact: TereZa.fcpbundle,11,other,https://drive.google.com/drive/folders/18Iy96MSpYZOIk8OgrDVn2r-ysiXm8MW2,1. 12/15/2024 - A4M Biohack Yourself Red Carpet Master / A4M Biohack Yourself Master Folder / Tereza / TereZa.fcpbundle / 12-24-24 / Render Files / Thumbnail Media / 75D05E589CE7E63BB7223013D5D71C2A
b-roll-a4m-red-carpet-bb890f8dde8a58694a34bc92dd88c524-premi,"A4M Red Carpet — BB890F8DDE8A58694A34BC92DD88C524 — Premiere, December 2024",reject,machine artifact: TereZa.fcpbundle,11,other,https://drive.google.com/drive/folders/1RG82UinSjLEdTQWKHz8m2IBkfOmesAMF,1. 12/15/2024 - A4M Biohack Yourself Red Carpet Master / A4M Biohack Yourself Master Folder / Tereza / TereZa.fcpbundle / 12-24-24 / Render Files / Thumbnail Media / BB890F8DDE8A58694A34BC92DD88C524
b-roll-a4m-red-carpet-b58089d811d19c8a27fdb09b815f0365-premi,"A4M Red Carpet — B58089D811D19C8A27FDB09B815F0365 — Premiere, December 2024",reject,machine artifact: TereZa.fcpbundle,12,other,https://drive.google.com/drive/folders/1TStzFhXTZezhf0C2VJvHaHxhFgdnVWIL,1. 12/15/2024 - A4M Biohack Yourself Red Carpet Master / A4M Biohack Yourself Master Folder / Tereza / TereZa.fcpbundle / 12-24-24 / Render Files / Thumbnail Media / B58089D811D19C8A27FDB09B815F0365
b-roll-a4m-red-carpet-8b850e689e613052154d43c7b2afae18-premi,"A4M Red Carpet — 8B850E689E613052154D43C7B2AFAE18 — Premiere, December 2024",reject,machine artifact: TereZa.fcpbundle,24,other,https://drive.google.com/drive/folders/1w8gzkhV6PjBMdcUMlf2wSgn_0LBgiFU6,1. 12/15/2024 - A4M Biohack Yourself Red Carpet Master / A4M Biohack Yourself Master Folder / Tereza / TereZa.fcpbundle / 12-24-24 / Render Files / Thumbnail Media / 8B850E689E613052154D43C7B2AFAE18
b-roll-a4m-red-carpet-a45251f9839a886cb3c541ac2add0e6c-premi,"A4M Red Carpet — A45251F9839A886CB3C541AC2ADD0E6C — Premiere, December 2024",reject,machine artifact: TereZa.fcpbundle,26,other,https://drive.google.com/drive/folders/1zm2ytEEYeAjgszpeC-QKKrqQftgQRfpx,1. 12/15/2024 - A4M Biohack Yourself Red Carpet Master / A4M Biohack Yourself Master Folder / Tereza / TereZa.fcpbundle / 12-24-24 / Render Files / Thumbnail Media / A45251F9839A886CB3C541AC2ADD0E6C
b-roll-a4m-red-carpet-f6a9770de117c61e2fdac919647377ea-premi,"A4M Red Carpet — F6A9770DE117C61E2FDAC919647377EA — Premiere, December 2024",reject,machine artifact: TereZa.fcpbundle,40,other,https://drive.google.com/drive/folders/1CaVaGnArXvaK4alDlZo0N--XNqmm7cED,1. 12/15/2024 - A4M Biohack Yourself Red Carpet Master / A4M Biohack Yourself Master Folder / Tereza / TereZa.fcpbundle / 12-24-24 / Render Files / Thumbnail Media / F6A9770DE117C61E2FDAC919647377EA
b-roll-a4m-red-carpet-100canon-premiere-december-2024,"A4M Red Carpet — 100CANON — Premiere, December 2024",reject,machine artifact: DCIM,19,b-roll / video,https://drive.google.com/drive/folders/1prmYpFdl2RWIsG6TQyFSe-xFtaKz8quX,1. 12/15/2024 - A4M Biohack Yourself Red Carpet Master / Biohack Yourself Premiere / All Interviews / Station 3 / Video / 3001 / DCIM / 100CANON
b-roll-peaks-data-b-roll-december-2024,"Peaks Data — B-Roll, December 2024",reject,machine artifact: Ryan 2.fcpbundle,89,other,https://drive.google.com/drive/folders/1PGJvy-0zJPysR095Uux6_1E5dgKBv3oC,2. sHEALed MASTER / 1. sHEALed BTS Adam Chani Master / sHEALed BTS RAW Footage / Day 02 / 04 Ryan Encinas & Dr. Steven Moore / File / Ryan 2.fcpbundle / 12-17-24 / Render Files / Peaks Data
b-roll-a4m-red-carpet-12f3f8a50c89c0808445283a2c263e6b-premi,"A4M Red Carpet — 12F3F8A50C89C0808445283A2C263E6B — Premiere, December 2024",reject,machine artifact: NEW PANNEL #3.fcpbundle,11,other,https://drive.google.com/drive/folders/1gX9zPqpZeFT4CTtxXXJ01l8i03a-9Cr9,1. 12/15/2024 - A4M Biohack Yourself Red Carpet Master / Biohack Yourself Premiere / Panels / NEW PANNEL #3.fcpbundle / 12-19-24 / Render Files / Thumbnail Media / 12F3F8A50C89C0808445283A2C263E6B
b-roll-a4m-red-carpet-35eff17ec6cb51c1a01336f390626ed8-premi,"A4M Red Carpet — 35EFF17EC6CB51C1A01336F390626ED8 — Premiere, December 2024",reject,machine artifact: NEW PANNEL #3.fcpbundle,24,other,https://drive.google.com/drive/folders/1wsa1RiCLntMM9bESjQbDyOA6pzP80IKl,1. 12/15/2024 - A4M Biohack Yourself Red Carpet Master / Biohack Yourself Premiere / Panels / NEW PANNEL #3.fcpbundle / 12-19-24 / Render Files / Thumbnail Media / 35EFF17EC6CB51C1A01336F390626ED8
b-roll-a4m-red-carpet-46d2714052d2ef0059e1f9aac19b5450-premi,"A4M Red Carpet — 46D2714052D2EF0059E1F9AAC19B5450 — Premiere, December 2024",reject,machine artifact: NEW PANNEL #3.fcpbundle,43,other,https://drive.google.com/drive/folders/1Hwd6kd3IHw-XeFthAYXMMEhfuRKzho5M,1. 12/15/2024 - A4M Biohack Yourself Red Carpet Master / Biohack Yourself Premiere / Panels / NEW PANNEL #3.fcpbundle / 12-19-24 / Render Files / Thumbnail Media / 46D2714052D2EF0059E1F9AAC19B5450
b-roll-a4m-red-carpet-4a94a94567c6650db4496225e0d06f91-premi,"A4M Red Carpet — 4A94A94567C6650DB4496225E0D06F91 — Premiere, December 2024",reject,machine artifact: NEW PANNEL #3.fcpbundle,10,other,https://drive.google.com/drive/folders/15xUQ-TT08jS_A6w3Dtt5IYnUrenXV9wF,1. 12/15/2024 - A4M Biohack Yourself Red Carpet Master / Biohack Yourself Premiere / Panels / NEW PANNEL #3.fcpbundle / 12-19-24 / Render Files / Thumbnail Media / 4A94A94567C6650DB4496225E0D06F91
b-roll-a4m-red-carpet-5991133c40efb052899f85198f244eda-premi,"A4M Red Carpet — 5991133C40EFB052899F85198F244EDA — Premiere, December 2024",reject,machine artifact: NEW PANNEL #3.fcpbundle,131,other,https://drive.google.com/drive/folders/1CR1Ut0xk8FONJgnLJlSptWbUCvExvdCV,1. 12/15/2024 - A4M Biohack Yourself Red Carpet Master / Biohack Yourself Premiere / Panels / NEW PANNEL #3.fcpbundle / 12-19-24 / Render Files / Thumbnail Media / 5991133C40EFB052899F85198F244EDA
b-roll-a4m-red-carpet-68c0b0f74a9a5da7d6038b8c312cbc40-premi,"A4M Red Carpet — 68C0B0F74A9A5DA7D6038B8C312CBC40 — Premiere, December 2024",reject,machine artifact: NEW PANNEL #3.fcpbundle,28,other,https://drive.google.com/drive/folders/1BX3ooKAlLG9iiTseFKOPPyFfeTi7SlsX,1. 12/15/2024 - A4M Biohack Yourself Red Carpet Master / Biohack Yourself Premiere / Panels / NEW PANNEL #3.fcpbundle / 12-19-24 / Render Files / Thumbnail Media / 68C0B0F74A9A5DA7D6038B8C312CBC40
b-roll-a4m-red-carpet-7fd3af6362d0f57fb8605e7ff0ad0ed9-premi,"A4M Red Carpet — 7FD3AF6362D0F57FB8605E7FF0AD0ED9 — Premiere, December 2024",reject,machine artifact: NEW PANNEL #3.fcpbundle,13,other,https://drive.google.com/drive/folders/1G2N3FvjHiD_iMKRy9ShnQ4MrRYSMkOAp,1. 12/15/2024 - A4M Biohack Yourself Red Carpet Master / Biohack Yourself Premiere / Panels / NEW PANNEL #3.fcpbundle / 12-19-24 / Render Files / Thumbnail Media / 7FD3AF6362D0F57FB8605E7FF0AD0ED9
b-roll-a4m-red-carpet-8fb1d78abb6412397179a2a70e841ce0-premi,"A4M Red Carpet — 8FB1D78ABB6412397179A2A70E841CE0 — Premiere, December 2024",reject,machine artifact: NEW PANNEL #3.fcpbundle,24,other,https://drive.google.com/drive/folders/1xm9eNUyRP41PqMCxFDzDyJ0qz3zRme_X,1. 12/15/2024 - A4M Biohack Yourself Red Carpet Master / Biohack Yourself Premiere / Panels / NEW PANNEL #3.fcpbundle / 12-19-24 / Render Files / Thumbnail Media / 8FB1D78ABB6412397179A2A70E841CE0
b-roll-a4m-red-carpet-9f32a72d4bfdef07c04d3726b50d6cde-premi,"A4M Red Carpet — 9F32A72D4BFDEF07C04D3726B50D6CDE — Premiere, December 2024",reject,machine artifact: NEW PANNEL #3.fcpbundle,85,other,https://drive.google.com/drive/folders/10ME8FO2Wca6-1P-6V9iPYQah5-8QQHdh,1. 12/15/2024 - A4M Biohack Yourself Red Carpet Master / Biohack Yourself Premiere / Panels / NEW PANNEL #3.fcpbundle / 12-19-24 / Render Files / Thumbnail Media / 9F32A72D4BFDEF07C04D3726B50D6CDE
b-roll-a4m-red-carpet-c104c8af2d53956a527f0c1efac5a437-premi,"A4M Red Carpet — C104C8AF2D53956A527F0C1EFAC5A437 — Premiere, December 2024",reject,machine artifact: NEW PANNEL #3.fcpbundle,12,other,https://drive.google.com/drive/folders/18-HUuUegSWvcU_f1yu6d4Z-nHgQD3SZ3,1. 12/15/2024 - A4M Biohack Yourself Red Carpet Master / Biohack Yourself Premiere / Panels / NEW PANNEL #3.fcpbundle / 12-19-24 / Render Files / Thumbnail Media / C104C8AF2D53956A527F0C1EFAC5A437
b-roll-a4m-red-carpet-caea5c1c5c0e7008a83253fecd53b3f3-premi,"A4M Red Carpet — CAEA5C1C5C0E7008A83253FECD53B3F3 — Premiere, December 2024",reject,machine artifact: NEW PANNEL #3.fcpbundle,11,other,https://drive.google.com/drive/folders/1zlT1mKJn2temI8cKQuNvybMzoWazva1J,1. 12/15/2024 - A4M Biohack Yourself Red Carpet Master / Biohack Yourself Premiere / Panels / NEW PANNEL #3.fcpbundle / 12-19-24 / Render Files / Thumbnail Media / CAEA5C1C5C0E7008A83253FECD53B3F3
b-roll-a4m-red-carpet-c8fd490aba13c5c5554695e03e2dfa39-premi,"A4M Red Carpet — C8FD490ABA13C5C5554695E03E2DFA39 — Premiere, December 2024",reject,machine artifact: NEW PANNEL #3.fcpbundle,16,other,https://drive.google.com/drive/folders/16M23lCFSA3oHdT7HQ2w48Rss-VYeEhkf,1. 12/15/2024 - A4M Biohack Yourself Red Carpet Master / Biohack Yourself Premiere / Panels / NEW PANNEL #3.fcpbundle / 12-19-24 / Render Files / Thumbnail Media / C8FD490ABA13C5C5554695E03E2DFA39
b-roll-a4m-red-carpet-cd14b2d469d4bfc0ad8490a4918fa0c0-premi,"A4M Red Carpet — CD14B2D469D4BFC0AD8490A4918FA0C0 — Premiere, December 2024",reject,machine artifact: NEW PANNEL #3.fcpbundle,61,other,https://drive.google.com/drive/folders/1ElrKLMpSqR8JPppsbPk1lXx1cBVYNiue,1. 12/15/2024 - A4M Biohack Yourself Red Carpet Master / Biohack Yourself Premiere / Panels / NEW PANNEL #3.fcpbundle / 12-19-24 / Render Files / Thumbnail Media / CD14B2D469D4BFC0AD8490A4918FA0C0
b-roll-a4m-red-carpet-dbd400fdfa9e207057fa85cf3133f2ae-premi,"A4M Red Carpet — DBD400FDFA9E207057FA85CF3133F2AE — Premiere, December 2024",reject,machine artifact: NEW PANNEL #3.fcpbundle,19,other,https://drive.google.com/drive/folders/19dLW8ftvvUuYOEJ2ZTGlWtKUt_lIe1OQ,1. 12/15/2024 - A4M Biohack Yourself Red Carpet Master / Biohack Yourself Premiere / Panels / NEW PANNEL #3.fcpbundle / 12-19-24 / Render Files / Thumbnail Media / DBD400FDFA9E207057FA85CF3133F2AE
b-roll-a4m-red-carpet-e7c6628dae09856077a3d114b765f2c4-premi,"A4M Red Carpet — E7C6628DAE09856077A3D114B765F2C4 — Premiere, December 2024",reject,machine artifact: NEW PANNEL #3.fcpbundle,21,other,https://drive.google.com/drive/folders/1LSPQrJFUOiyIGInmwSFjm6Jj5ervszLx,1. 12/15/2024 - A4M Biohack Yourself Red Carpet Master / Biohack Yourself Premiere / Panels / NEW PANNEL #3.fcpbundle / 12-19-24 / Render Files / Thumbnail Media / E7C6628DAE09856077A3D114B765F2C4
b-roll-a4m-red-carpet-f2a011e57f162a442b2540d9fa009194-premi,"A4M Red Carpet — F2A011E57F162A442B2540D9FA009194 — Premiere, December 2024",reject,machine artifact: NEW PANNEL #3.fcpbundle,17,other,https://drive.google.com/drive/folders/1F2ak-9OTEAjk_d0rZN-j6cdSUdalmTWe,1. 12/15/2024 - A4M Biohack Yourself Red Carpet Master / Biohack Yourself Premiere / Panels / NEW PANNEL #3.fcpbundle / 12-19-24 / Render Files / Thumbnail Media / F2A011E57F162A442B2540D9FA009194
b-roll-3dc7b72235cfc934e0f8b52bb80f3e25-b-roll-december-2024,"3DC7B72235CFC934E0F8B52BB80F3E25 — B-Roll, December 2024",reject,machine artifact: Ryan 2.fcpbundle,12,other,https://drive.google.com/drive/folders/1xnsowqSTraXhJDK4jEx0nhbCrBJW8PdE,2. sHEALed MASTER / 1. sHEALed BTS Adam Chani Master / sHEALed BTS RAW Footage / Day 02 / 04 Ryan Encinas & Dr. Steven Moore / File / Ryan 2.fcpbundle / 12-17-24 / Render Files / Thumbnail Media / 3DC7B72235CFC934E0F8B52BB80F3E25
b-roll-70a81610aaf841e6f29762229fec1aa8-b-roll-december-2024,"70A81610AAF841E6F29762229FEC1AA8 — B-Roll, December 2024",reject,machine artifact: Ryan 2.fcpbundle,12,other,https://drive.google.com/drive/folders/17JYrERWZq0c4WgzT_kM7HOoIZma-SB6O,2. sHEALed MASTER / 1. sHEALed BTS Adam Chani Master / sHEALed BTS RAW Footage / Day 02 / 04 Ryan Encinas & Dr. Steven Moore / File / Ryan 2.fcpbundle / 12-17-24 / Render Files / Thumbnail Media / 70A81610AAF841E6F29762229FEC1AA8
b-roll-87bbcbf70e1dad2a9e28db96e1ae05dc-b-roll-december-2024,"87BBCBF70E1DAD2A9E28DB96E1AE05DC — B-Roll, December 2024",reject,machine artifact: Ryan 2.fcpbundle,16,other,https://drive.google.com/drive/folders/1Lzd7tLAfotvtnEbOR5v0mQcHjmgcZk8m,2. sHEALed MASTER / 1. sHEALed BTS Adam Chani Master / sHEALed BTS RAW Footage / Day 02 / 04 Ryan Encinas & Dr. Steven Moore / File / Ryan 2.fcpbundle / 12-17-24 / Render Files / Thumbnail Media / 87BBCBF70E1DAD2A9E28DB96E1AE05DC
b-roll-aedee809abfd6e82645ac2914960c458-b-roll-december-2024,"AEDEE809ABFD6E82645AC2914960C458 — B-Roll, December 2024",reject,machine artifact: Ryan 2.fcpbundle,10,other,https://drive.google.com/drive/folders/1uAXAMtbO3EwUfdcmHxHvSAX0JxYnI3d5,2. sHEALed MASTER / 1. sHEALed BTS Adam Chani Master / sHEALed BTS RAW Footage / Day 02 / 04 Ryan Encinas & Dr. Steven Moore / File / Ryan 2.fcpbundle / 12-17-24 / Render Files / Thumbnail Media / AEDEE809ABFD6E82645AC2914960C458